URL,Price,State,District,City,Type,Bedrooms,Bathrooms,Furnishing,Status,Listed by,Builtup Area,Carpet Area,Total Floors,Floor No,Car Parking,Maintenance,Facing,Project Name,Description,AD ID
https://www.olx.in/item/3-bhk-flat-gated-community-appartment-beside-gandhi-towers-kurnool-iid-1515441735," 43,86,000",Andhra Pradesh,Kurnool,Netaji Nagar,Apartments,3,2,Unfurnished,New Launch,Builder,1462,1200,5,1,1,500,East,Skandhanshi Gokulam,	8 Capacity Passenger Lifts  2 Nos  	Backup with Generator  	Car Parking  	CCTV Surveillance  	Children's Play Area  	Mineral Water Plant  	Multi Utility Bathrooms  	Rain Water Harvesting Pit  	Solar Fencing,1515441735
https://www.olx.in/item/best-deal-in-zahirabad-lucky-people-get-excited-things-hurry-up-iid-1517423321," 92,00,000",Telangana,Allipur,Zahirabad,Houses & Villas,4+,4,Semi-Furnished,Ready to Move,Dealer,214,214,1,1,1,5000,East,Khans,extremely build..  For god living,1517423321
https://www.olx.in/item/behind-anand-nagar-colony-iid-1517960895," 35,00,000",Karnataka,Bidar,Naubad Auto Nagar,Builder Floors,2,2,Unfurnished,Ready to Move,Dealer,216,185,1,1,2,2,South-East,2bhk house for selling,House for selling it's NA ana Buda,1517960895
https://www.olx.in/item/independent-house-for-sell-iid-1514451653," 25,00,000",Telangana,Armur,Kotha Armur,Houses & Villas,2,3,Unfurnished,Ready to Move,Owner,110,1200,1,-,1,0,West,Own hose,Independent house,1514451653
https://www.olx.in/item/2-bed-rooms-1-hall-1-guest-room-3-bathrooms-kitchen-iid-1513468922," 38,00,000",Telangana,Armur,Perkit,Houses & Villas,2,3,-,Ready to Move,Owner,150,150,-,-,-,-,East,-,9866338785,1513468922
https://www.olx.in/item/234-bhk-flats-in-kompally-iid-1501203091," 42,30,000",Telangana,Armur,Kotha Armur,Apartments,2,2,Unfurnished,Under Construction,Owner,1128,923,10,6,1,1000,East,Beccun Lifestyle,"Luxurious 2,3,4 Bhk Flats Available in Gated Community with High End Amenities...   Like. Swimming Pool, Gym, Club House, Indoor Games, Banquet Hall, Guesthouse, etc..  Near: Asian Cine Planet Kompally   Contact Us for More Details...",1501203091
https://www.olx.in/item/this-house-is-g1-and-clear-title-located-at-mubarak-nagar-iid-1518068838," 1,05,00,000",Telangana,Ghanpur Nizamabad District,Mubarak Nagar,Houses & Villas,2,2,Unfurnished,Ready to Move,Owner,1575,1575,1,-,-,10000,North,-,Relocation,1518068838
https://www.olx.in/item/right-side-building--iid-1517647166," 26,00,000",Telangana,Armur,Kotha Armur,Houses & Villas,2,2,Unfurnished,Ready to Move,Owner,990,850,1,-,1,-,East,-,"Right side building , urgent money , school   area , 10 meters far from main road , cooperative and SBI banks near by , beside limbadri gutta road, bheemgal",1517647166
https://www.olx.in/item/gated-community-apartments-available-at-gannavaram-iid-1514204911," 47,84,000",India,Andhra Pradesh,Gavaravaram,Apartments,2,2,Semi-Furnished,Under Construction,Owner,1329,983,5,2,1,-,East,platinum Entity,Grand Entrance       Childrens Play Area       Gym & Space for Indoor Games       Swimming Pool       Adequate Covered Car Parking       Round the Clock Security       CCTV/Intercom/Internet Facilities       Pollution Free Environment       Fully Automated Lifts       No Common walls       Power Backup Generator       100% Vaastu Complaint Garden & Lawns       Rain Water Harvesting,1514204911
https://www.olx.in/item/luxury-flats-in-gachibowli-3-bhk-at-green-grace-iid-1514632976," 1,60,00,288",Telangana,Hyderabad,Tukkuguda,Apartments,3,3,Unfurnished,Under Construction,Builder,2405,2405,-,-,-,-,-,GREEN GRACE,Luxury Flats in Gachibowli - 3 BHK at Green Grace,1514632976
https://www.olx.in/item/rs-8000-rental-guarantee-houses-near-polepally-sez-jadcherla-iid-1516296988," 24,00,000",Telangana,Mahbubnagar,Jadcherla,Houses & Villas,2,2,Semi-Furnished,Under Construction,Builder,1000,900,0,-,1,-,-,ECO VILLAGE,"Our new venture ECO VILLAGE at mudireddypalli, NH-44, near jadcherla, Mahbubnagar.  It is an eco-friendly project which can earn you high returns for your investment. LOAN FACILITY AVAILABLE.   We are giving Rs. 8000/- MONTHLY RENTAL GUARANTEE WITH AGREEMENT. All developments.  Venture name: ECO VILLAGE  Venture area:  33 acres.   Special features:   1) DTCP Layout.   2) HI-Tech gated community with 423 houses(under construction)   3) just 0.5 km from National  highway 44 (hyd-Bangalore highway)   4) Rs 8000/month rent guarantee.   Areas : 165, 183, 200, 240, 260, 267, 289 sq.yds.  Price : 4500-5000/sq.yd.  Exclusive package:   1) package 1- 183 sq.yd LAND with V-BOARD INDEPENDENT HOUSE only at Rs. 17,99,000/- (1000 sq.ft) only  2) package 2 : 183sq.yds Land with HIGH-QUALITY INDEPENDENT HOUSE  at Rs.24,00,000/- Only  Nearby Developments:  1) SEZ - Special Economic Zone.  2) GREEN INDUSTRIAL ZONE.  3) GREEN INDUSTRIAL PARK  4) NMIMS UNIVERSITY   5) SHILPA MEDICARE pvt. Ltd  6) ARABINDO pharma (75 acres)  7) GLOCEM pharma (40 acres)  8) THERMO Cable (56 Acres)  9) TSIIC (Telangana State Industrial Infrastructure Corporation)  10) MYLAN Laboratories  11) HETRO pharma (76 Acres)   12) P&G  13) JOHNSON AND JOHNSON  14) DLF  And many more  Address :  SOVEREIGN ESTATES AND MULTI-TRADES PRIVATE LIMITED  HEAD OFFICE: #7-5-114/5,opp.Andhra Bank, Above BR Gupta Traders, Padmavathi Colony, Mahabubnagar-1, Telangana, India-509001.  BRANCH OFFICE: 6-3-164/6, Opp. pillar No.316, Above Sujatha Hospital, Aramghar x Road, shivarampally, Hyderabad, Telangana, India-500052",1516296988
https://www.olx.in/item/owner-house-2019-iid-1507236520," 79,99,000",Telangana,Mahbubnagar,Jadcherla,Houses & Villas,3,4,Furnished,New Launch,Owner,2400,2400,-,-,2,0,South,Own house,"Indipendant house, 24 hrs water suply Available, ground flor already given to rent, 1st flor chat and Elivation completed,Near mountassary school, between Water Tank and Chaudamma Templ, distance 800 mtrs from new bus stand and 1 km from jadcharla railway statio and old bus stand.Way from new bus stand -almas function hall road.",1507236520
https://www.olx.in/item/independent-house-iid-1502885183," 55,00,000",Telangana,Mahbubnagar,Kistampalli,Houses & Villas,2,3,Unfurnished,Ready to Move,Owner,2000,2700,-,-,3,0,South,-,Independent house,1502885183
https://www.olx.in/item/house-for-sale-near-karishma-kiranam-hanumanpura-mahbubnagarbuild-o-iid-1517122064," 1,00,00,000",Telangana,Mahbubnagar,Sattor Nagar Hanumanpura,Builder Floors,4+,4+,Unfurnished,Ready to Move,Owner,1000,1000,-,-,-,-,North,-,House for Sale near Karishma kiranam |hanumanpura| Mahbubnagar.Build on 200 Sq Yards.,1517122064
https://www.olx.in/item/2-bhk-flats-at-kompally-iid-1501201831," 45,11,250",Telangana,Bodhan,RTC Colony (Nizamabad),Apartments,2,2,Unfurnished,Under Construction,Owner,1203,978,10,6,1,1000,East,Beccun Lifestyle,"2,3,4 Flats Available in Gated Community at Nizamabad Highway Kompally,   Near Kompally Asina Cine Planet Theatre.",1501201831
https://www.olx.in/item/ready-to-occupy-duplex-houses-sale-at-jaggayapeta-iid-1252492923," 35,00,000",Telangana,Kodad,Teachers Colony,Houses & Villas,3,3,Furnished,Ready to Move,Builder,1485,1188,2,-,-,-,East,-,"VASUDHA INFRA PROJECTS  Presents ANAGHA TOWNSHIP in Jaggayapeta (Krishna Dt). Easy Buying Scheme on Residential Plots with BANK LOAN FACILITY. DTCP approved Layout in a Gated commuity venture with all Amenities.   Grand Entrance with Security.   All 40 feet Black top Roads.   Clear title & Spot Registration.   Avenue plantation total venture   Swimming pool, club house, Jogging track, indoor & outdoor games.   Gym and Walking track.   Underground Drainage System.   Water Tap Connection to every Plot.   Water Supply through Overhead Water tank.   Compound Wall for Total Venture.   Latest Electrical street lights for total venture.",1252492923
https://www.olx.in/item/nice-contractions-iid-1518131564," 45,00,000",Telangana,Warangal,Hanamkonda,Apartments,2,2,Semi-Furnished,Ready to Move,Builder,1120,20,4,4,1,1000,East,Audi residency,Apartment selling,1518131564
https://www.olx.in/item/demo-house-iid-1517980464," 50,00,000",Telangana,Warangal,Kutturjenda,Houses & Villas,2,3,Semi-Furnished,New Launch,Builder,1500,1500,1,1,1,1500,East,Lucky constructions,Lucky builders wanted ready puram plats we under take with material sft basic house construction,1517980464
https://www.olx.in/item/clear-title-small-independent-house-for-immediate-sale-iid-1517792686," 18,00,000",Telangana,Warangal,Prakasreddipet,Houses & Villas,1,1,Unfurnished,Ready to Move,Owner,477,382,1,1,0,0,East,Small Independent house for immediate sale,"Independent house for immediate sale. With 6 pillars 53 square yards. One big room, one moderate kitchen,  varanda, wash area and bathroom behind. Stairs are at the back side",1517792686
https://www.olx.in/item/2bhk-flats-for-sale-limited-flats-available-dharmasagar-road-warangal-iid-1515513311," 34,00,000",Telangana,Warangal,Hanamkonda,Apartments,2,2,Furnished,Ready to Move,Owner,1450,1450,3,2,1,-,East,Gulmohar,"Get new luxury flats for Sale.  Limited flats available in Dharmasagar Road,  Madikonda Warangal on affordable prices with all the amenities like 24 X 7 Security, Lifts, Power Backup, etc.,  The project offers flats in 2 & 3 BHK configurations available from 735 sqft to 1450 sqft.",1515513311
https://www.olx.in/item/i-need-a-plot-for-house-construction-iid-1517279765,-,-,-,-,-,-,-,-,-,-,-,-,-,-,-,-,-,-,-,-
https://www.olx.in/item/independent-houses-and-plots-for-sale-in-hanamkonda-kazipet-revenue-iid-1517201424," 60,00,000",Telangana,Warangal,Prashant Nagar,Houses & Villas,2,2,Furnished,Ready to Move,Dealer,2400,2000,2,-,1,-,North-East,-,Independent Houses for sale and plots for sale in and around hanamkonda postal colony Revenue colony NGOs colony kazipet Subedari julywada excise colony prashanth nagar and agricultural land's from One acre to 25 acres of land for sale in hanamkonda madikonda nearest,1517201424
https://www.olx.in/item/2-1bhk-flat-for-sale-within-your-budget-in-madikonda-warangal-iid-1514838130," 19,00,000",Telangana,Warangal,Subedari,Apartments,1,1,Semi-Furnished,Ready to Move,Owner,735,735,3,1,-,-,West,Gulmohar,"This multistorey apartment is located in Dharmasagar Road, Madikonda, Warangal.   It's a 3 floors building and flat for sale in 1st floor with West facing. And also available in other sizes & floors also.  It's a newly constructed apartment with all amenities include car parking, lift's, security, etc.,",1514838130
https://www.olx.in/item/beautiful-house-g1-at-naim-nagar-iid-1517114130," 73,00,000",Telangana,Warangal,Hanamkonda,Houses & Villas,4+,4,Semi-Furnished,Ready to Move,Owner,134,134,1,-,1,-,East,-,"Good news to buyers..Beautiful house g+1. At Naim nagar, 134 yards...beside Amritha hospital..main road..3 bit..rents 25000 availble.contact me ..immediate sale.  72.5 lakhs last best deal...anyone interested..its gng to close the deal.wothin 2 days...  Call me on 7989580150..very good investment..hot centre area in city...it will increase price 50% in few months..",1517114130
https://www.olx.in/item/new-g2-house-200-sqy-only-slabs-yadav-nagar-hanamkonda-iid-1517080835," 72,00,000",Telangana,Warangal,Hanamkonda,Houses & Villas,4,4,Unfurnished,Under Construction,Dealer,4500,4500,3,-,-,-,North,G+2 House for sale,New G+2 House   200 sqy  Only slabs   Near yadav nagar petrol pump  KU bypass road   72 lakhs negotiable,1517080835
https://www.olx.in/item/1bhk-2bhk-flats-for-sale-in-madikonda-dharmasagar-road-warangal-iid-1514680914," 34,00,000",Telangana,Warangal,Hanamkonda,Apartments,2,2,Semi-Furnished,Ready to Move,Owner,1450,1450,3,2,1,50000,East,Gulmohar,"Project Highlights :-  -> Earth quake resistant reinforced cement concrete structure as per IS code with VSP/TATA/SAIL or equivalent make steel.  -> Main door: Teak wood frame and shutter or Teak-wood frame with both side teak veneer shutters.  -> Living hall : 2 x 2 Vitrified Tiles with skirting of reputed make(Kajaria/Asian/Johnson or equivalent).  Bed rooms,Kitchen and Toilet Flooring: Branded ceramic tiles on floor and walls(Kajaria/Asian/Johnson or equivalent).  -> Passenger lifts 2 numbers of reputed make with collapsible door.  ->0.43 Acres - Phase1, 0.47 Acres - Phase2.  ->No of Floors: 3 Floors + Stilt for parking.  ->2BHK and 3BHK apartments.  ->100% Vastu Complaint.",1514680914
https://www.olx.in/item/single-bedroom-with-2-bathrooms-with-car-parking-read-to-sale-iid-1516945546," 55,00,000",Telangana,Warangal,Hanamkonda,Farm Houses,2,2,Semi-Furnished,Ready to Move,Owner,450,450,1,1,1,-,East,J. Sridhar,Single bedroom with 2 bathrooms and car parking ready to sale total 150 sar. Yards...,1516945546
https://www.olx.in/item/4500009900000-iid-1516896508," 45,00,000",Telangana,Warangal,NGO Colony Phase 3,Farm Houses,2,3,Semi-Furnished,Ready to Move,Dealer,200,186,2,1,1,2000,North-West,srinivasa rao,wadepplli 100pt rod t NGOs colony I am no  builder I am agent and dealer,1516896508
https://www.olx.in/item/flat-for-sale-iid-1516711181," 18,00,000",Telangana,Warangal,Hanamkonda,Apartments,1,1,Furnished,Ready to Move,Owner,610,130,2,1,-,-,-,Flat for sale,A flat with 1 bhk with dining hall for sale in an apartment kameshwari nilayam at bharmanawada walkable distance from hanmkonda chowrastha,1516711181
https://www.olx.in/item/all-types-of-build-houseapportmentsopen-lands-buying-selling-iid-1516569794," 23,000",Telangana,Warangal,Hanamkonda,Houses & Villas,2,2,Unfurnished,New Launch,Owner,200,200,2,2,1,1,East,Sunil constructions,Ventures available low cost &loan facility,1516569794
https://www.olx.in/item/250-yards-east-facing-iid-1516468533," 1,30,00,000",Telangana,Warangal,Hanamkonda,Houses & Villas,4,4,Semi-Furnished,Ready to Move,Owner,2496,2496,2,-,-,-,East,-,TIME PASSERS STRICTLY DON'T CONTACT,1516468533
https://www.olx.in/item/new-g1-west-loan-tittle-reddy-colony-vikas-school-hanamkonda-iid-1516281202," 1,00,00,000",Telangana,Warangal,Hanamkonda,Houses & Villas,3,4,Furnished,Ready to Move,Dealer,2900,2900,2,-,1,-,West,New House G+1 west face,New G+1 House   177 Sqy  Loan tittle   Ground floor hall double bedroom kichen   First floor siglebed room kichen   Fully furnished   1 crore Negotiable,1516281202
https://www.olx.in/item/hunter-road-2-bhk-3-bhk-flats-from-sale-hanmakonda-warangal-iid-1516211322," 41,30,000",Telangana,Warangal,Prem Nagar Colony,Apartments,3,3,Semi-Furnished,Under Construction,Builder,1275,1640,5,1,1,1500,West,VASUDEVA CONSTRUCTIONS,"HI,  FLATS FOR SALE   Vasudeva Constructions,Hunter Road, Hanmakonda, warangal  3 BHK / 2 BHK flats for sale bake side of orugallu petrol bunk, hunter road, hanmakonda, warangal.  Total 35 Flats  1 side 4 - 2 bhk in each floor  1 side 3 - 3 bhk in each floor  Total 7 Flats in Each Floor * 5 Floors = 35 Flats  2 bhk - 1275 sft  3 bhk - 1640 sft  BACK SIDE OF BADRA KALI TEMPLE,  NEED MORE INFORMATION CALL ME  RAJESH - 834 ONE 55867 NINE",1516211322
https://www.olx.in/item/2bhk-newly-constructed-iid-1515840587," 44,00,000",Telangana,Warangal,Hanamkonda,Apartments,2,2,Unfurnished,Ready to Move,Owner,1190,750,5,4,1,-,West,Kapil Homes,2 BHK flat for sale. Constructed by Kapil Homes. 4th floor. 100 ft road 2nd bit. Prime location posh locality. Opposite to PGR gardens 100 ft road near vaddepally lake.,1515840587
https://www.olx.in/item/newly-construction-iid-1515812120," 25,00,000",Telangana,Warangal,Parimala Colony,Houses & Villas,1,1,Unfurnished,Ready to Move,Builder,50,600,1,1,0,-,East,Newly constructions,"House for sale newly construction and its ready to move.50sq.y with 30feet Road And 10 minutes to walkable distance to 100 feet Road  kitchen,bedroom with attached bathroom and its G+1 Building with round ring steps for the 1st floor",1515812120
https://www.olx.in/item/commercial-and-residential-iid-1515622589," 4,50,00,000",Telangana,Warangal,Hanamkonda,Houses & Villas,3,3,Furnished,Ready to Move,Owner,1800,1800,1,1,3+,1000,West,Dev 9908385089,"House for sale A prime locality highly commercial area suitable for Hospital,commercial and residential situated at Nakkalagutta balasamudram 60 feet road .400 sq yds.",1515622589
https://www.olx.in/item/gayathri-builders-iid-1515600370," 65,00,000",Telangana,Warangal,Hanamkonda,Houses & Villas,2,2,Unfurnished,Under Construction,Owner,1250,1250,1,1,1,0,North,Gayaththri builders,Natural location in near hasanparthi,1515600370
https://www.olx.in/item/the-house-is-constructed-near-erragatugutta-iid-1515542030," 58,00,000",Telangana,Warangal,Hanamkonda,Houses & Villas,2,2,Unfurnished,Under Construction,Builder,1500,1250,0,0,1,0,West,Gayithri builders,"Iam selling an newly constructing house,  And the site is in the super location in a venture.The venture consists of under ground drinage system, water tank facility, park with 50ft roads.",1515542030
https://www.olx.in/item/gayithri-builders-iid-1515522583," 60,00,000",Telangana,Warangal,Hanamkonda,Houses & Villas,2,2,Unfurnished,Under Construction,Owner,1500,1250,1,0,1,0,West,Gayithri builders,super location,1515522583
https://www.olx.in/item/g2-and-pentahouse-newly-constructed-bldg-quality-construction-iid-1515440014," 1,50,00,000",Telangana,Warangal,Hanamkonda,Houses & Villas,4+,4+,Unfurnished,Ready to Move,Owner,5300,5300,3,1,2,0,East,-,"The property has good vastu and ventilation, super quality construction material used, 2 Nos of Borewell, water sump available.  Area of the house is Ganesh Nagar Colony, Gopalapuram, near SR Digi school",1515440014
https://www.olx.in/item/3-bhk-2-bhk-flats-available-sale-hunter-road-hanmakonda-warangal-iid-1515302984," 41,00,000",Telangana,Warangal,Hanamkonda,Apartments,2,2,Semi-Furnished,Under Construction,Owner,1275,1275,5,1,1,-,West,vasudeva constructions,"HI,  FLATS FOR SALE Vasudeva Constructions, hanmakonda, warangal  3 BHK / 2 BHK flats for sale bake side of orugallu petrol bunk, hunter road, hanmakonda, warangal.  Total 35 Flats  1 side 4 - 2 bhk in each floor  1 side 3 - 3 bhk in each floor  Total 7 Flats in Each Floor * 5 Floors = 35 Flats  2 bhk - 1275 sft  3 bhk - 1640 sft  BACK SIDE OF BADRA KALI TEMPLE,   NEED MORE INFORMATION CALL ME  RAJESH - 8341558679",1515302984
https://www.olx.in/item/newly-constructed-building-ready-for-sale-well-furnished-g1-floors-iid-1515286852," 65,00,000",Telangana,Warangal,Fermal Colony,Houses & Villas,4,4,Furnished,Ready to Move,Owner,1200,1080,2,-,1,-,East,-,"Newly constructed house ready for sale. 2floors car parking available. Interiors, pop ceilings, open kitchen",1515286852
https://www.olx.in/item/flat-for-sale-iid-1515100121," 32,00,000",Telangana,Warangal,Hanamkonda,Apartments,2,2,Semi-Furnished,Ready to Move,Owner,1000,973,5,505,1,-,East,VCR Constructions,We are selling east facing beautiful apartment. It is in Hanmakonda Circuite house near to Kadai restuarent. Opposite to Kaveri Mess.  Its on Main road.,1515100121
https://www.olx.in/item/2bhk-house-g1-permission-with-bank-loan-facility-iid-1514906712," 51,00,000",Telangana,Warangal,Hanamkonda,Houses & Villas,2,3,Semi-Furnished,Under Construction,Builder,1200,1200,1,1,1,-,East,Mukteeshwara constructions,Independent house,1514906712
https://www.olx.in/item/45000009500000-iid-1514832207," 95,00,000",Telangana,Warangal,NGO Colony Phase 3,Builder Floors,2,3,Semi-Furnished,Ready to Move,Dealer,159,200,1,1,1,2500,North-East,srinivasa rao," .   , .  . parimala           2000              9959.876324. 4500000+9500000",1514832207
https://www.olx.in/item/new-g1-house-kakatiya-colony-near-alankaar-hanamkonda-iid-1514494085," 80,00,000",Telangana,Warangal,Hanamkonda,Houses & Villas,4,4,Unfurnished,Ready to Move,Dealer,2700,2700,2,-,2,-,North,New G+1 NORTH House,New G+1 House   150 sqy  North face  Ground floor hall double bed room kitchen   First floor Hall double bed room kitchen  Kakatiya colony phase 2   80 lakhs negotiable   Please contact Narsingarao,1514494085
https://www.olx.in/item/2bhk-flat-for-sale-iid-1514336031," 38,00,000",Telangana,Warangal,Excise Colony,Apartments,2,2,Unfurnished,Ready to Move,Owner,1150,1150,5,2,1,0,North,sharifain Apartment,"2Bhk flat for sale  Beside masjid sharifain,  1150 sft 2bhk ready to move  for more details watsapp 00966 five00 three7five 35eight",1514336031
https://www.olx.in/item/2bhk-apartment-for-sale-iid-1514287546," 42,00,000",Telangana,Warangal,Gandhi Nagar,Apartments,2,2,Semi-Furnished,Ready to Move,Owner,1000,1000,5,1,1,1000,East,Vidhathree apartment,I am selling my apartment flat,1514287546
https://www.olx.in/item/house-for-sale-iid-1513852227," 66,00,000",Telangana,Warangal,Bhimaram,Houses & Villas,2,2,Unfurnished,New Launch,Owner,216,1073,1,1,2,0,North,House for sale,Nice house for sale,1513852227
https://www.olx.in/item/a-complete-house-construction-in-your-own-land-with-all-facilities-iid-1513625007," 15,000",Telangana,Warangal,Hanamkonda,Houses & Villas,4+,4+,Semi-Furnished,New Launch,Owner,3600,1200,3,3,3,-,North,New house and villa constructio for sweet homes,"I have  30 years Experience in construction field, In your open land I will construct buildings with good quality material and with all facilities , for more information ping me : 90527834 four eight",1513625007
https://www.olx.in/item/house-for-sale-iid-1513552312," 85,00,000",Telangana,Warangal,Bhimaram,Houses & Villas,2,3,Unfurnished,Under Construction,Builder,1450,1200,2,-,3,-,South,-,"One House (G + 1 ) at Erragattu gutta(Near Kits college), Hanamkonda, Warangal. If you are interested please contact us.  S.Vamshi.  Contact No : 8309035091",1513552312
https://www.olx.in/item/house-for-sale-iid-1513547875," 65,00,000",Telangana,Warangal,Hanamkonda,Houses & Villas,2,3,Semi-Furnished,Ready to Move,Builder,1150,1100,1,-,2,-,East,-,7 Houses for sale at Mulugu Road in  Warangal. If you are interested please contact us.  D.V. Ramana.  Contact No : 9394599412,1513547875
https://www.olx.in/item/apartment-for-sell-near-svs-enginering-college-karimnagar-highway-iid-1513286240," 5,00,00,000",Telangana,Warangal,Ramaram,Apartments,4+,4+,Unfurnished,Ready to Move,Owner,12000,12000,3,123,3+,-,North,COMMERCIAL BUILDING,"12000 sft 3 floors apartment for sell.  It is suitable for Inter college, Degree college and Pg college.It is separate design and construct   lecturer rooms and hostel.Big dining hall and more than 15 wash rooms.24/7 water available",1513286240
https://www.olx.in/item/flat-is-well-maintained-fully-furnished-iid-1513241741,-,-,-,-,-,-,-,-,-,-,-,-,-,-,-,-,-,-,-,-
https://www.olx.in/item/reddy-colony-road-1-204-sq-yards-sale-iid-1512118962," 1,10,00,000",Telangana,Warangal,Hanamkonda,Houses & Villas,3,1,Furnished,Ready to Move,Owner,70,204,-,-,0,-,North-West,House for sale,House for sale reddy colony line 1 204sq yards1.10cr north west facing 60/40fts road 2face 10yrs building 3rooms building,1512118962
https://www.olx.in/item/urgent-sale-final-295-lak-iid-1510001938," 35,00,000",Telangana,Warangal,Hanamkonda,Houses & Villas,2,2,Unfurnished,Ready to Move,Owner,90,90,1,1,0,0,North-East,Home,Hanamkonda ramnagar,1510001938
https://www.olx.in/item/ku-main-road-east-facing-home-iid-1503114492," 1,10,00,000",India,Telangana,Bhimaram,Houses & Villas,4+,4+,Semi-Furnished,Ready to Move,Owner,2880,4000,2,-,3+,1000,East,-,"NO CHAT PLEASE !!  CALL- 924722~7388  Area 300yards east side  Ground and first floor   60ft MAIN ROAD INFRONT.  Adress- Opp. Shubam Function Hall,  Durganagar-1,  Bheemaram.",1503114492
https://www.olx.in/item/property-in-prime-area-of-hanamkonda-warangal-iid-1500447953," 60,00,000",Telangana,Warangal,Hanamkonda,Builder Floors,3,3,Semi-Furnished,Ready to Move,Owner,3150,2500,2,-,0,-,-,-,350 square yard property in prime area(kothur street)... Single Owner..please call me at 9962566044,1500447953
https://www.olx.in/item/investment-propertytwo-independent-houses-earn-48-000-monthly-iid-1315547825," 1,80,00,000",Telangana,Warangal,Hanamkonda,Houses & Villas,4,4+,Semi-Furnished,Ready to Move,Owner,2700,2700,2,-,-,0,East,-,Two independent houses  . East and North facing. Near to main road. Near to bus stop nd schools nd petrol station.,1315547825
https://www.olx.in/item/independant-house-for-sale-iid-1285359541," 79,00,000",Telangana,Warangal,Gopalapuram,Houses & Villas,3,2,Unfurnished,Ready to Move,Owner,1600,1400,1,1,1,-,West,Balaji Township,"Independant 2 bhk house(210 sq yrds) in Vivek Nagar colony near pochamma temple gopalpuram, 100ft road near Tulasi Bar.  Its the lane before tulasi bar opposite to S.N Towers apartments,hanamkonda.district. warangal  for sale.  Its 9 year old house.   Owner name : Sujan kumar  Right now in USA",1285359541
https://www.olx.in/item/2-bhk-house-call-99-66-0-32-032-iid-1517495880," 50,00,000",Telangana,Warangal,Hanamkonda,Houses & Villas,2,3,Semi-Furnished,Ready to Move,Owner,1100,1200,1,1,1,-,East,Mukteeshwara constructions,Bank loan availability call 99 66 0 32 0 32,1517495880
https://www.olx.in/item/commecial-property-for-sale-iid-1502063081," 49,00,000",Telangana,Warangal,Kumarapalle,Houses & Villas,2,2,Semi-Furnished,Ready to Move,Owner,288,260,2,2,2,1000,East,COMMERCIAL PROPERTY FOR SALE,G+1 Commercial building for sale consists of two shops on the ground floor Bhargavi Jewelers and Mamata Chicken Center First Floor Lok Janshakti Party Office Situated at in front of Ashoka Talkies Line to Kumarpally market Corner Shutter  Behind Municipality line to Kumarpally market road corner shutter  Asking price 49L please contact                             98665-73088  73375-98835,1502063081
https://www.olx.in/item/house-for-sale-iid-1501527382," 30,00,000",Telangana,Warangal,Hanamkonda,Builder Floors,1,1,Unfurnished,Ready to Move,Owner,111,111,-,-,-,-,North-East,-,"House for sale behind Tb hospital, kucX road,hanamkonda",1501527382
https://www.olx.in/item/a-flat-with-1bhk-with-dining-hall-for-sale-in-an-iid-1317291257," 18,00,000",Telangana,Warangal,Hanamkonda,Apartments,1,1,Furnished,Ready to Move,Owner,610,130,2,1,-,-,-,-,"A flat with 1bhk with dining hall for Sale in an apartment kameshwari nilayam brahmanwada, walkable distance from Hanamkonda chowrastha,",1317291257
https://www.olx.in/item/plz-contact-me-another-project-s-available-u-will-c79818378zero2-iid-1274197333," 68,00,000",Telangana,Warangal,Fermal Colony,Houses & Villas,2,3,Furnished,Ready to Move,Dealer,200,180,-,-,1,-,North-West,-,Plz contact me another project s available u will c the best price.. 798one837802,1274197333
https://www.olx.in/item/pent-housevishnu-priya-gardens-roadopp-lane-to-a27-super-market-iid-1212230709," 16,00,000",Telangana,Warangal,Hanamkonda,Apartments,2,2,Semi-Furnished,Ready to Move,Owner,740,100,-,-,-,-,-,Vishnavi residency,"Pent house,6th floor(5 floors lift),BRS paid,Notary will be done now,   Registration will be available only after BRS approved,Loan not available from government banks now",1212230709
https://www.olx.in/item/gated-community-80-loan-row-houses-with-quality-materials100vastu-iid-1512984118," 55,00,000",Telangana,Warangal,Perukawada,Houses & Villas,2,3,Unfurnished,Under Construction,Owner,2000,2000,2,-,3+,-,South-West,-,"100%, vastu,, super quality branded matarial indipendent two stored ,row houses,120square yards,, 2000 square feets,(1000,slab area ground floor parking, 1000 slab area first floor 2bhk,hall kitchen,puja, utility)/(ground floor , only parking,).  gated community with compound wall,, railway station road,,third plot form side shivanagar Warangal Telangana",1512984118
https://www.olx.in/item/sambamurthy-home-iid-1517927772," 70,00,000",Telangana,Warangal,Vada,Builder Floors,4+,2,Furnished,Ready to Move,Owner,200,200,1,1,1,0,North,Sambamurthy home,Well planned and pakka vastu with 200 yards with 8rooms 2 portions and one store room total 9rooms,1517927772
https://www.olx.in/item/approximately-25years-old-house-iid-1516301757," 20,00,000",Telangana,Mahbubnagar,Mothinagar,Builder Floors,4+,4,Unfurnished,Ready to Move,Owner,1152,15,2,1,0,0,East,G+1 building,"Good looking   Ground floor  RCC SLAB  15 x 10.2 ft 2 rooms  7 x 8.6  ft 2 bedrooms  7 x 8.6 ft 2 kitchens  3.5 x 4 ft 2 toilets  3.5 x 4 ft 2 bathrooms  And bike parking place.  First Floor ac sheets  10.3 x 10.9 ft 3 rooms  17.9 x 13.6 ft hall  7 x 8.8 ft kitchen  6 x 6.9 ft kitchen  2 bthrooms attached WC  2 muncipalty taps  Ready to move   Price slighty nogatiable  Address  1-8-15/1, Near Fire Station,  Nall Bowli, kosgi road,  Mahabubnager  Contact : 9848575158  9951867792",1516301757
https://www.olx.in/item/big-family-home-well-built-large-open-space-with-good-ventilation-iid-1516143107," 1,50,00,000",Telangana,Mahbubnagar,Shah Sahib Gutta,Houses & Villas,4+,4+,Semi-Furnished,Ready to Move,Owner,3200,2500,1,-,3,-,North,Ganesh Sadan,The family is getting shifted to Hyderabad.,1516143107
https://www.olx.in/item/independent-house-for-sale-iid-1515251128," 30,00,000",Telangana,Mahbubnagar,Sattor Nagar Hanumanpura,Houses & Villas,3,2,Unfurnished,Ready to Move,Owner,1500,1500,1,1,1,-,North-East,Private,Independent house for sale   well constructed with pillars and 24 hours borewell water  3 Bedrooms hall kitchen with 2 bathrooms  Good ventilation due to open area on three sides  Price slightly negotiable  Only cash parties and No agents please  Message me if interested,1515251128
https://www.olx.in/item/full-vaathu-in-the-center-of-the-city-everything-you-need-dont-miss-iid-1513826737," 27,00,000",Telangana,Mahbubnagar,Raviendra Nagar,Apartments,2,2,Semi-Furnished,Ready to Move,Owner,1260,1240,5,5,1,700,South,Sowkya Heights,In need of money!!,1513826737
https://www.olx.in/item/located-near-shah-sahab-gutta-kakatiya-school-iid-1513722520," 65,00,000",Telangana,Mahbubnagar,Shah Sahib Gutta,Houses & Villas,4+,4+,Semi-Furnished,Ready to Move,Owner,2097,1755,1,1,1,0,South,Tanveer Mansion,Near ss gutta,1513722520
https://www.olx.in/item/noerth-face-150-yards-iid-1507876952," 38,00,000",Andhra Pradesh,Yenugonda,Enuconda,Houses & Villas,2,2,Unfurnished,Ready to Move,Owner,150,900,1,-,1,-,North,-,Newly constructed house.north  face 40 feet road.BT road from HYD main road.under bridge r  ailway line work in progress.900 metres from main raod.shifting to HYD,1507876952
https://www.olx.in/item/newly-constructed-house-with-boring-government-water-facilities-iid-1500088716," 75,00,000",Telangana,Mahbubnagar,Sattor Nagar Hanumanpura,Houses & Villas,4,4,Semi-Furnished,New Launch,Owner,1820,2010,1,1,1,-,South,Newly constructed house,2bhk 2 portions 30*67.6  Near Gol Masjid mbnr,1500088716
https://www.olx.in/item/itsa-good-house-once-u-can-seen-house-calll-me-at-891-iid-1311791773," 23,00,000",Telangana,Mahbubnagar,Nayini Nagar,Houses & Villas,4,2,Unfurnished,Ready to Move,Owner,90,90,1,-,1,-,-,-,Itsa good house once u can seen house U calll me at 8919721733,1311791773
https://www.olx.in/item/200yds-habeeb-nagar-mahabubnagar-iid-1266150825," 33,00,000",Telangana,Mahbubnagar,Sattor Nagar Hanumanpura,Houses & Villas,2,2,Furnished,Ready to Move,Owner,1000,1100,-,-,-,-,-,-,200yds Habeeb Nagar Mahabubnagar,1266150825
https://www.olx.in/item/independent-house-iid-1515080483," 40,00,000",Andhra Pradesh,Yenugonda,Chaitanya Nagar,Houses & Villas,2,2,Unfurnished,Under Construction,Builder,1350,1250,1,1,1,0,North,Independent hosue,"Independent house,  near dtcp layout mvs collage ,  christianpally, mahabub nagar",1515080483
https://www.olx.in/item/dublax-buliding-iid-1518014090," 45,00,000",Telangana,Hyderabad,Indresham,Builder Floors,3,2,Unfurnished,New Launch,Owner,1300,1300,2,1,1,500,West,Venkat,Patancheru  2kmp indresham Colony 90 sqrads 96767248nine8,1518014090
https://www.olx.in/item/2-bhk-for-sale-at-patancheru-iid-1514811992," 32,20,000",Telangana,Hyderabad,Patancheru,Apartments,2,2,Unfurnished,Under Construction,Owner,1150,1150,5,4,1,1,East,SKANDA SRINIVASAM,Vedamsa Skanda Srinivasam is a full fledged luxury gated community on NH 9 at Isnapur offering affordable 2 BHK flats.								  Each flat is provided with ample ventilation with 2 side roads and no common walls.  Some of the highlights of the venture are:  4 Flats Per Floor Per Block  Generator for common areas  Compound Wall With Solar Fencing For The Entire Community  Solar Water Heaters  Water Softener  Rain water harvesting  Manjeera water  Round The Clock Security  Ample Parking Space  Vasthu compliant  No common walls  Ample ventilation &natural light.,1514811992
https://www.olx.in/item/biramguda-vandanapury-colouny-iid-1516824563," 10,000",Telangana,Hyderabad,Patancheru,Houses & Villas,2,2,-,Ready to Move,Owner,1020,900,2,1,1,200,East,Individual house,Near vijetha super market,1516824563
https://www.olx.in/item/resale-independent-house-east-face-160-sq-yd-49-lakh-muthangi-iid-1516540044," 49,00,000",Telangana,Hyderabad,Patancheru,Houses & Villas,2,2,Unfurnished,Ready to Move,Dealer,1440,000,0,0,1,00,East,Tanmai homes Muthangi Independent house,"160 sq yd , east face , resale property  , Tanmai homes muthangi , near RSS engg college , patancheru   Gated community  2% agent commission   mandatory",1516540044
https://www.olx.in/item/g2-new-house-with-3-car-parking-at-indresham-patancheru-iid-1516049598," 95,00,000",Telangana,Hyderabad,Indresham,Houses & Villas,4+,4+,Unfurnished,Ready to Move,Builder,180,180,3,3,3,-,West,G+2 new house with 3car parking,"G+2 new house with 3 car parking at Indresham , patancheru.",1516049598
https://www.olx.in/item/independent-house-200-sqyds-for-immediate-sale-iid-1516005522," 50,00,000",Telangana,Chitkul,Muthangi,Houses & Villas,2,2,Unfurnished,Ready to Move,Owner,1000,990,1,1,1,0,East,Ramaneeya enclave phase-1,"Opposite road to muttangi church.  Walkable distance to Mumbai highway and ORR Patancheru exit and 4 kms to IIT Hyderabad.  Ready to move 9 yrs old house east face, full water",1516005522
https://www.olx.in/item/isnapur-x-road-sivaranjani-theatre-120-square-yards-main-road-iid-1515611271," 50,00,000",Telangana,Chitkul,Isnapur,Farm Houses,4+,4+,Unfurnished,Ready to Move,Owner,28,36,2,2,1,0,South-East,Isnapur X Road sivaranjani theatre chitkul,Isnapur X Road sivaranjani theatre main road to 200 metres distance house 6 years old facing south east corner plot total area 120 square yards g plus one construction rent purpose construction rent 24000 price 50 lacs water collection 7 bathrooms for double rooms 4 for single rooms 3 one shutter total rent 24000,1515611271
https://www.olx.in/item/individual-house-for-sale-in-rk-1-colony-indresham-price-negotiable-iid-1514867474," 65,00,000",Telangana,Hyderabad,Indresham,Houses & Villas,2,3,Semi-Furnished,Ready to Move,Owner,1400,1250,1,1,1,0,South,Individual house,Individual house,1514867474
https://www.olx.in/item/independent-house-for-sale-in-indresham-village-iid-1514641781," 39,00,000",Telangana,Hyderabad,Indresham,Houses & Villas,2,2,Unfurnished,New Launch,Owner,1100,1000,1,1,1,500,West,-,"170 square yard land area, west face 2bhk for sale",1514641781
https://www.olx.in/item/2-bhk-furnished-flat-for-sale-at-37-lakhs-in-hmda-iid-1514525634," 37,00,000",Telangana,Hyderabad,Patancheru,Apartments,2,2,Furnished,Ready to Move,Owner,900,832,4,2,1,500,West,Krushi defence colony,"Its a hmda fully gated community,with all amnities like park,club house,gym,swiming pool, super market,school,hospital,more than 1000 family's are currently staying.The project name is krushi defence colony,this flat is fully furnished completed all wood work.",1514525634
https://www.olx.in/item/2bhk-house-for-sale-iid-1513858035," 65,00,000",Telangana,Hyderabad,Rameshwar Banda,Houses & Villas,2,3,Unfurnished,Ready to Move,Owner,1350,1100,1,-,1,-,West,-,"166.6squads,west facing good vasthu",1513858035
https://www.olx.in/item/rameshwar-banda-village-iid-1513822218," 27,00,000",Telangana,Hyderabad,Indresham,Houses & Villas,2,2,Unfurnished,Ready to Move,Owner,1000,850,1,0,0,0,West,Indrapuri colony,Independent house,1513822218
https://www.olx.in/item/dev-prime-villa-block-1-iid-1511371325," 1,02,14,400",Telangana,Hyderabad,Patancheru,Houses & Villas,3,2,Unfurnished,Under Construction,Builder,1320,1250,1,1,-,-,-,Devansh constructions,"Dev Prime Villas - Block 1  Patancheru, 2 & 3bhk, 111.58 Smts to 329 Smts Villas, From Promoters of Defence Colony  Phase II, Near Elanki Engg College and 17 Villas in a Gated Community, GHMC Sanction, ORR Facing & 60 feet Road Facing, Separate Amenities Block & Other Facilities, Bank Loan Available, Total Area Extends 1.06 acres of gated community of independent house, Average. Plot size 193.63 Smts, high end specifications, excellent elevation from Hyderabads best architect, best landscaping consultant, excellent club house amenities.",1511371325
https://www.olx.in/item/block-1-dev-prime-villa-iid-1511370786," 90,68,920",Telangana,Hyderabad,Patancheru,Houses & Villas,3,2,Unfurnished,Under Construction,Builder,1147,1100,1,1,-,-,-,Dev Shri,"Dev Prime Villas - Block 1  Patancheru, 2 & 3bhk, 111.58 Smts to 329 Smts Villas, From Promoters of Defence Colony  Phase II, Near Elanki Engg College and 17 Villas in a Gated Community, GHMC Sanction, ORR Facing & 60 feet Road Facing, Separate Amenities Block & Other Facilities, Bank Loan Available, Total Area Extends 1.06 acres of gated community of independent house, Average. Plot size 193.63 Smts, high end specifications, excellent elevation from Hyderabads best architect, best landscaping consultant, excellent club house amenities.",1511370786
https://www.olx.in/item/dev-prime-villa-block-1-iid-1511370097," 82,36,200",Telangana,Hyderabad,Patancheru,Houses & Villas,3,2,Unfurnished,Under Construction,Builder,1065,1000,1,1,-,-,-,Dev Shri Construction,"Dev Prime Villas - Block 1  Patancheru, 2 & 3bhk, 111.58 Smts to 329 Smts Villas, From Promoters of Defence Colony  Phase II, Near Elanki Engg College and 17 Villas in a Gated Community, GHMC Sanction, ORR Facing & 60 feet Road Facing, Separate Amenities Block & Other Facilities, Bank Loan Available, Total Area Extends 1.06 acres of gated community of independent house, Average. Plot size 193.63 Smts, high end specifications, excellent elevation from Hyderabads best architect, best landscaping consultant, excellent club house amenities.",1511370097
https://www.olx.in/item/dev-prime-villa-block-1-iid-1511369177," 68,00,000",Telangana,Hyderabad,Patancheru,Houses & Villas,2,2,Unfurnished,Under Construction,Builder,844,800,1,1,-,-,-,Devansh Group,"Dev Prime Villas - Block 1  Patancheru, 2 & 3bhk, 111.58 Smts to 329 Smts Villas, From Promoters of Defence Colony  Phase II, Near Elanki Engg College and 17 Villas in a Gated Community, GHMC Sanction, ORR Facing & 60 feet Road Facing, Separate Amenities Block & Other Facilities, Bank Loan Available, Total Area Extends 1.06 acres of gated community of independent house, Average. Plot size 193.63 Smts, high end specifications, excellent elevation from Hyderabads best architect, best landscaping consultant, excellent club house amenities.",1511369177
https://www.olx.in/item/dev-prime-villa-block-1-iid-1506460921," 68,40,000",Telangana,Hyderabad,Patancheru,Houses & Villas,2,2,Unfurnished,Under Construction,Builder,844,800,1,1,1,-,East,Dev Prime Villa Block 1,East facing Villa 149 sqyds and construction is 844 sft,1506460921
https://www.olx.in/item/a-new-wave-of-living-iid-1503834469," 30,00,000",Telangana,Hyderabad,Patancheru,Apartments,2,2,Unfurnished,Under Construction,Builder,945,945,5,12345,1,1000,East,Ganesha Developers,"GHMC Approved, Mumbai highway to 300 miters All Facilities Available Generator, CC cameras, Lift",1503834469
https://www.olx.in/item/indipendent-house-g3-iid-1500685153," 2,85,00,000",Telangana,Chitkul,Isnapur,Houses & Villas,4+,4+,Unfurnished,Ready to Move,Dealer,18400,125,4,3,2,1500,East,Indipendent house G+3,Indipendent house 706 Sqyd G+3 East face 40 1BHK Bedroomes manthly Rent 185000 call 9 1 0 0*492 241,1500685153
https://www.olx.in/item/premium-villas-near-gachibowli-iid-1516318865," 90,00,000",Telangana,Hyderabad,Patighanpur,Houses & Villas,3,3,Unfurnished,Under Construction,Builder,1800,1700,1,1,1,5000,East,Aaditri Empire,Aaditri.  Aminities.  reception/lounge with grand entrance.&double hight.  wifi facility.  jogging track.  swimming pool with changing rooms & toilets.  reading area/library.  gymnasium.  children play area.  children hobby hall/creche.  Aerobics hall.  multi-purpose hall with dining & pantry attached with toilets.  &lawn.  meditation hall/yoga hall.  indoor & outdoor games.  administrative hall with manager room.  restaurant with pool view.  senior citizen hall.  provision for spa&saloon.  provision for grocery store.  provision for atm.  provision for coffe lounge.  provision for pharmacy.  provison for car wash area.  provision for travel desk.  conference hall.,1516318865
https://www.olx.in/item/spacious-and-highly-ventilation-corner-flat-iid-1513915526," 18,00,000",Telangana,Hyderabad,Beeramguda,Apartments,1,1,Unfurnished,Ready to Move,Owner,600,600,4,3,0,2000,West,Sai Maheswara Residence,Spacious and highly ventilation corner flat with fall cilling .,1513915526
https://www.olx.in/item/sujathanagar-house-with-registered-house-iid-1515161672," 40,00,000",Telangana,Kothagudem,Gollagudem,Houses & Villas,1,1,Unfurnished,Under Construction,Owner,181,181,2,1,1,500,East,SUJATHANAGAR HOUSE WITH REGISTERED HOUSE,Property un use,1515161672
https://www.olx.in/item/new-house-for-sale-iid-1513764612," 50,00,000",Telangana,Kothagudem,Lakshmrdeopalli,Builder Floors,2,2,Unfurnished,New Launch,Owner,180,202,-,-,-,-,-,-,House for sale,1513764612
https://www.olx.in/item/sale-for-residential-building-iid-1512871989," 1,40,00,000",Telangana,Kothagudem,Gollagudem,Houses & Villas,4+,4+,Unfurnished,Ready to Move,Owner,3600,3000,3,-,2,-,East,-,Monthly rents 32000  Total 7 portions residential complex. Vidyanagar kothagudem.   9949713413,1512871989
https://www.olx.in/item/home-for-sale-iid-1515065373," 17,25,000",Telangana,Palwancha,Basavataraka Colony,Houses & Villas,2,2,Semi-Furnished,Ready to Move,Owner,180,200,1,1,1,100,West,Indipendent home,It's an individual home for 2 rooms 1212 feets specious rooms . Standard puller support slab and good condition. The land of total area is 4040 square feets . Around compound wall .Water bore looking good,1515065373
https://www.olx.in/item/house-for-sale-in-kinwat-maharashtra-iid-1515571318," 30,00,000",Maharashtra,Kinwat,SVM Colony,Houses & Villas,4,2,Semi-Furnished,Ready to Move,Owner,2000,2400,1,1,2,0,North-East,House for sale,"Independent house for sale, with 4 bedrooms, 1 hall, 1 kitchen, 2 bathroom, parking area and some area for children to play.... In a peacefull colony.",1515571318
https://www.olx.in/item/house-3-rooms-with-tiles-and-western-bathroom-iid-1515556347," 18,00,000",Telangana,Huzurabad,Bhavani Nagar,Houses & Villas,1,1,Furnished,Ready to Move,Owner,100,100,0,-,-,-,-,-,Want money,1515556347
https://www.olx.in/item/warangal-station-3no-platform-road-iid-1515918991," 35,00,000",Telangana,Warangal,Ac Reddy Colony,Builder Floors,2,2,Furnished,Ready to Move,Builder,100,100,2,-,0,00000,South,-,I want selling house I want arjent money,1515918991
https://www.olx.in/item/urgent-sale-of-100yards-house-iid-1515791698," 18,00,000",Telangana,Warangal,Labour Colony,Houses & Villas,1,2,Furnished,Ready to Move,Owner,18,4,1,-,0,-,South-East,House for sale,Fully constructed house,1515791698
https://www.olx.in/item/comerical-and-residential-property-iid-1515765415," 28,00,000",Telangana,Warangal,Labour Colony,Houses & Villas,2,1,Furnished,Ready to Move,Owner,160,160,1,0,3+,0,South,Comerical and residential property,WARANGAL Leburcolony 100 feet road 2nd bit. South face. 2 shatters & 2 rooms resently constraction. Redy to move. 5500 rents avilebul. 160 yards .2 kilometres in railway station. 1kelometers in kashibugga .interested Parsons call me,1515765415
https://www.olx.in/item/2-bhk-flat-1-bhk-flat-1-car-parking-for-sale-iid-1515330237," 40,00,000",Telangana,Warangal,Mathwada,Houses & Villas,2,2,Furnished,Ready to Move,Owner,850,750,3,2,1,300,East,-,2 Bhk flat & 1 Bhk flat & 1 car parking   Total 40 Lacks.  for sale near ram Laxman theatre back side mathwada warangal contact interested persons eiggt3175462three seven  near to mgm hospital,1515330237
https://www.olx.in/item/house-at-hanamkonda-warangal-iid-1514619646," 41,50,000",Telangana,Warangal,Enumamula,Houses & Villas,2,2,Unfurnished,Ready to Move,-,185229,185229,-,-,0,-,East,-,"Property Code: 446693  Asset Schedule:  All that Part and parcel of land and AC sheet roof and RCC house building situated at House No. 46-5-90, Reddypalem Village, H/o Enumamula, Hanamkonda mandal , area of land admeasuring 617.43 sq. yards, standing in the name of Kommareddy Ravikumar Reddy  Boundaries :   North - H. No. 5-91 of K. Padma  South  Land of Basani Mathyas Reddy ( at present land of K. Ravikumar Reddy)   East- 28 feet wide Gram panchayat Road,   West - Land of B. Kiran Kumar Reddy.",1514619646
https://www.olx.in/item/independent-house-for-sale-near-esi-hospital-narsampet-roadwarangal-iid-1514540040," 80,00,000",Telangana,Warangal,Labour Colony,Houses & Villas,3,3,Unfurnished,Ready to Move,Owner,1800,2100,2,1,-,-,South-East,-,"Independent House for sale near ESI Hospital, Narsampet Road.  2 shutters and 1 BHK on the ground floor.   Please call on 8106948773 for more details  And 2 BHK on the second floor.",1514540040
https://www.olx.in/item/147-yards-individual-house-for-sale-kashibugga-iid-1514402394," 44,00,000",Telangana,Warangal,Enumamula,Houses & Villas,2,2,Unfurnished,Ready to Move,Owner,147,147,-,-,-,-,North,-,"147 yards new house for  sale,G+1 permission available,near railway station and bus station and vegetable market,",1514402394
https://www.olx.in/item/150mtrs-from-road-iid-1513955517," 15,00,000",Telangana,Warangal,Janpak Goreekunta,Houses & Villas,1,1,Unfurnished,New Launch,Owner,109,90,0,0,0,250,East,own,for new house buy,1513955517
https://www.olx.in/item/g1-house-for-sale-in-warangal-iid-1292931471," 60,00,000",Telangana,Warangal,Labour Colony,Houses & Villas,2,2,Furnished,Ready to Move,Owner,2600,2300,2,-,1,-,East,-,"G+1 house for sale in abbanikunta,warangal near platonum jubliee high school. No loan facility",1292931471
https://www.olx.in/item/1-bhk-plus-2bhk-plus-suite-plus-car-parking-iid-1284054155," 68,00,000",Telangana,Warangal,Mathwada,Houses & Villas,4,4+,Semi-Furnished,Ready to Move,Owner,2400,2400,4,-,1,1000,North,Sri tirumalesha peace plalace,75y land undivided 2400sft slab area.  2BHK one PORTIONS.  1BHK one PORTIONS.  SUIT ONE.  Car Parking one   24 h water tap and bore  nine84984323six,1284054155
https://www.olx.in/item/gated-community-80-loan-row-houses-with-quality-materials100vastu-iid-1512984118," 55,00,000",Telangana,Warangal,Perukawada,Houses & Villas,2,3,Unfurnished,Under Construction,Owner,2000,2000,2,-,3+,-,South-West,-,"100%, vastu,, super quality branded matarial indipendent two stored ,row houses,120square yards,, 2000 square feets,(1000,slab area ground floor parking, 1000 slab area first floor 2bhk,hall kitchen,puja, utility)/(ground floor , only parking,).  gated community with compound wall,, railway station road,,third plot form side shivanagar Warangal Telangana",1512984118
https://www.olx.in/item/2-bhk-flat-purchased-in-2010-iid-1515492697," 35,00,000",Telangana,Eddumailaram,Kyasaram,Apartments,2,2,Unfurnished,Ready to Move,Owner,850,925,5,2,1,1000,East,Yamini Towers,"2 BHK flat for sale located in vandanapuri colony, beeramguda, Telangana.  24hr FULL WATER",1515492697
https://www.olx.in/item/luxury-2-bhk-in-mokila-40-lakhs-onwards-iid-1299694839," 43,95,600",Telangana,Eddumailaram,Kyasaram,Apartments,2,2,Unfurnished,Under Construction,Builder,1221,940,6,4,1,-,North,Prime Solitaire,"Prime Solitaire bring in exclusivity to your life with a sense of joyous charm, stepping into expansive living spaces that enchant you with its elegance. Revel in the intricate detail designed to convey true exoticism, lined with luxury and beauty.    Mokila is one of the happening locales of Hyderabad, close to the city, yet fairly distant from the chaotic crowd. The green cover over the area is abundant with exclusive farms and inviting greenery, making it a tranquil and serene spot for ideal living. Being just a 40 minute drive from Hitech City, 30 minutes from Gachibowli and 20 minutes from Kokapet, the Rajiv Gandhi International Airport is only a 45 minute drive away, while the intercity connectivity is well laid out with an excellent road network and the ORR.   Total 82 Flats In Prime Solitaire.   Two Bed room with 1220 sft and 3 Bed room With 1625 sft   For more Details Call : NINE NINE ZERO EIGHT ONE SEVEN EIGHT NINE FOUR ZERO.",1299694839
